tid,rid,words,meaning,clarity,consistency,correlation,npmi,npmi_diff,npmi_normalized,#words,#articles,FreqRefinements,FreqAddWords,FreqRemoveWords,FreqRemoveArticles,FreqMergeWords,FreqSplitTheme,FreqChangeWordOrder,Duration,userID
0,original,school university students college schools high education children student parents class public professor state program middle teachers campus kids harvard library director year teacher black percent programs group science graduate academic city classes princeton california grade colleges years department,,4.2222222222222223,3.7777777777777777,4.333333333333333,0.18,0,0.18,20,40,0
0,0,"education schools public professor teachers high middle class program campus harvard Children [children, kids, student]",The education system ,4,4,4,0.04,-0.13999999999999999,0.05714285714285715,15,34,21,0,4,8,1,2,6,313,9S0WB9E7
0,1,school students high university children college education student parents class public state middle teachers campus,I think they are primarily about pre-teens and teens and their education.,4,4,3,0.15,-0.03,0.19999999999999998,15,32,19,1,6,8,0,0,4,401,SHHV2EIX
0,2,"school children students schools high education parents University[university, college, campus] class public professor state program middle teachers","These group of articles pertain to education and the school system, focusing on elementary aged students.",4,4,4,0.13,-0.04999999999999999,0.15294117647058825,18,40,7,0,3,0,1,0,3,249,DZP6GUAO
0,3,education students school university college schools high children student parents class professor state program teachers campus kids prep,"The theme is education with teachers, students, and schools being subjects",5,4,4,0.1,-0.07999999999999999,0.11111111111111112,18,33,15,1,3,7,0,0,4,135,92K0RMCX
0,4,school education schools students university college high parents class public professor state program middle teachers campus harvard,They are about various types of education,5,5,5,0.1,-0.07999999999999999,0.11764705882352942,17,40,4,0,0,0,1,0,3,152,K2Y0DD7M
0,5,"school[school, schools] students[students, student] university college education high parents class public professor state middle teachers campus harvard","They are related to education, from grade school through higher education.",5,5,5,0.1,-0.07999999999999999,0.11764705882352942,19,40,14,0,1,0,3,2,8,1129,WZD61DJI
0,6,school students schools high education children student parents class public state program middle teachers kids,Education reviews and corrections and letters to the editor,4,4,4,0.11,-0.06999999999999999,0.14666666666666667,15,24,25,1,6,18,0,0,0,297,TKD9XO2E
0,7,school university students college schools public education children parents class teachers,"They are about a variety of educational concerns, ranging from K-12 to college.",4,4,4,0.18,0.0,0.32727272727272727,11,37,18,1,10,3,1,0,3,825,J6BMHIN8
0,8,school university education students teachers college children student parents class public professor state program middle campus kids harvard ranking,stories on education and schools.,4,4,4,0.09,-0.09,0.09473684210526315,19,39,9,2,2,3,0,0,2,124,0OW54C8Y
1,original,www winter water snow hotel travel island trees miles ski beach airport air ice mountain weather travelers resort airlines park fish sea night hotels local international trip tree land service flight coast species airline south area feet forest day,,3.1111111111111112,3.1111111111111112,3.4444444444444446,0.06,0,0.06,20,40,0
1,0,travel caribbean island vacation hotel beach water ocean airport air weather travelers resort airlines sea fare club,They are about travel in the Americas and the Caribbean.,5,4,4,0.05,-0.009999999999999995,0.05882352941176471,17,12,57,7,9,34,0,0,7,416,ZEHBMJBZ
1,1,"weather[winter, trees, snow, ice, weather] science and nature[science and nature, mountain, miles, park] vacation[air, vacation[ski, travel, beach[airlines, travel[travel, airport[travelers, travel, resort, hotel],travelers, travel, resort, hotel],travel, airport[travelers, travel, resort, hotel],travelers, travel, resort, hotel],airlines, travel[travel, airport[travelers, travel, resort, hotel],travelers, travel, resort, hotel],travel, airport[travelers, travel, resort, hotel],travelers, travel, resort, hotel],ski, travel, beach[airlines, travel[travel, airport[travelers, travel, resort, hotel],travelers, travel, resort, hotel],travel, airport[travelers, travel, resort, hotel],travelers, travel, resort, hotel],airlines, travel[travel, airport[travelers, travel, resort, hotel],travelers, travel, resort, hotel],travel, airport[travelers, travel, resort, hotel],travelers, travel, resort, hotel] offers[www]",Skimming through I see the articles are about the southern part of the US and Carribean areas.,4,3,4,0.08,0.020000000000000004,0.06956521739130435,114,40,11,1,2,0,8,0,0,552,GJZQ0KPW
1,2,"travel resort hotel water island ski beach winter[ice, winter, snow] mountain airport travelers airlines",travel and vacation destinations,5,5,5,0.09,0.03,0.12857142857142856,15,25,29,0,6,17,1,0,5,406,9BOHW5XN
1,3,"travel airport hotel island trees miles ski beach travelers resort airlines motel hostel agent Weather[winter, water, snow, air, ice, weather]",These articles focus around travel.,4,4,4,0.08,0.020000000000000004,0.08,21,36,13,3,3,4,1,0,2,156,HT087ID6
1,4,"www water island trees miles ski beach airport air ice mountain weather travelers resort airlines park winter[winter, snow] vacation[hotel, travel]","most of the articles are concerned with weather and different seasons, even theme words like hotel and trees",2,3,3,0.06,0.0,0.057142857142857134,22,40,2,0,0,0,2,0,0,75,WQL0XZ7V
1,5,"travel airlines winter hotel water island ski airport air weather resort park scenery[trees, mountain, ice, snow, beach]",Travel,5,5,5,0.08,0.020000000000000004,0.08888888888888889,18,40,8,0,3,0,1,0,4,73,Z233E1L1
1,6,"travel hotel island trees miles ski beach airport air mountain travelers resort airlines park weather[winter, snow, ice, water, weather]",The theme seems based on travel destinations.,4,4,4,0.07,0.010000000000000009,0.0736842105263158,20,36,7,0,1,4,1,0,1,212,NQ19NJ04
1,7,"water snow travel island beach airport air weather travelers park winter escape Places[resort, hotel] destination",Winter travel destinations,4,5,4,0.06,0.0,0.075,16,31,20,2,8,9,1,0,0,289,O6XL8NRI
1,8,"winter water snow trees miles ski beach airport air ice mountain weather travelers resort airlines park Travel[travel, hotel, island] summer","They are about travel, winter travel, and spring approaching",4,5,5,0.1,0.04000000000000001,0.1,21,36,11,2,1,6,2,0,0,655,A2X70YM3
2,original,percent year market billion company million companies stock business investors sales price prices funds growth quarter fund bank financial investment markets analysts states share revenue money economy rates shares chief average united street hedge interest wall earnings rose stocks,,4.2222222222222223,4.2222222222222223,4.2222222222222223,0.15,0,0.15,20,40,0
2,0,finance economy stock market stock prices investors investment business earnings mutual funds banks,This theme is about the financial markets.,5,4,5,0.17,0.020000000000000018,0.2833333333333334,13,38,36,9,18,2,0,0,7,251,HJ8RF4SW
2,1,"finances[stock, sales, investment, fund, growth, price, percent] time[year, quarter] economy[market, company, investors]",They're about business finances.,5,5,5,0.11,-0.039999999999999994,0.14666666666666667,15,40,12,0,9,0,3,0,0,292,ZR8CW6PP
2,2,"stock business economic market percent year numbers[billion, million] company companies investors sales price prices funds growth quarter bank financial investment",Economic and investment news.,5,4,5,0.17,0.020000000000000018,0.1619047619047619,21,40,8,1,1,0,1,0,5,147,GRMIOJ3I
2,3,percent year market billion company million companies stock business investors sales price prices funds growth quarter financial investment,stock market and finance news,4,4,4,0.17,0.020000000000000018,0.1888888888888889,18,40,2,0,2,0,0,0,0,214,L17ON3TB
2,4,"percent market year billion million stock business investors funds growth quarter fund bank financial investment Money [sales, price, prices]",how the market works in terms of stock and relevant things. ,4,4,4,0.16,0.010000000000000009,0.16842105263157894,19,37,7,0,0,3,1,2,1,118,0SLFE3IH
2,5,investment business market financial funds company companies stock investors sales price prices growth quarter fund bank,These articles are about finance and investing.,4,4,5,0.15,0.0,0.1875,16,40,11,1,4,0,1,0,5,220,05LH193D
2,6,stock investment market price funds investors growth percent company year billion million companies business sales prices quarter fund bank financial strategy gain value share,The articles are about the stock market. The discuss stocks that are doing well and overall economic trends.,5,5,5,0.13,-0.01999999999999999,0.10833333333333334,24,40,13,4,0,0,0,0,9,338,FMVFRPWV
2,7,percent market billion company million companies stock business investors sales price prices funds growth quarter fund bank financial investment international domestic,These articles discuss the stock market.,5,5,5,0.16,0.010000000000000009,0.15238095238095237,21,38,5,2,1,2,0,0,0,171,E6NQ46WD
2,8,"financial company investors investment percent year market billion million companies stock business sales funds growth quarter fund bank Price[price, prices] profit interest rate",Performance of the stock market and financial news.,5,5,5,0.15,0.0,0.13043478260869565,24,40,8,3,0,0,1,0,4,419,MBTT8UM5
3,original,york article brooklyn times street corrections children fund neediest family cases misstated east year service bronx correction city society apartment jan avenue queens charities sunday center mother community homeless mexico hospital federation catholic referred contributions park services incorrectly work,,3.7777777777777777,4.0,3.8888888888888888,-0.0,0,-0.0,20,40,0
3,0,neediest street family society service city article brooklyn times children cases bronx apartment homelessness,Homelessness in America,4,4,4,0.02,0.02,0.028571428571428574,14,38,20,1,7,5,0,0,7,243,OUF0TYWB
3,1,york children family mother times bronx apartment fund social child brooklyn city society parents cases neediest,Collected articles on New York City area social issues.,5,5,5,0.01,0.01,0.0125,16,38,28,5,7,2,1,4,9,379,6FZ6SUI3
3,2,neediest york brooklyn times street children fund family cases year service bronx society,The theme words seem to be about needed children in poorer areas of the city.,4,4,4,0.0,0.0,0.0,13,40,8,0,3,0,0,4,1,109,L7TSKSFA
3,3,"fund family children homeless struggle brooklyn times street year service bronx city society apartment genre[neediest, cases]",the neediest cases,5,5,5,-0.0,0.0,-0.0,17,29,33,4,3,13,1,3,9,454,KV3J4I3O
3,4,"cases[neediest, cases] children fund family service society corrections[misstated, corrections, correction] area[brooklyn, bronx]",Local poverty programs.,5,5,5,-0.01,-0.01,-0.015384615384615385,15,40,12,0,8,0,3,0,1,225,4VWEPI53
3,5,"brooklyn york bronx society article fund money times corrections children neediest family cases building[city, street] east year correction service apartment","The articles are about the homeless, poor, and unfortunate located in Brooklyn, New York.",5,5,5,0.01,0.01,0.009523809523809523,21,39,11,1,1,1,1,0,7,247,P4SSXSY8
3,6,The Neediest Cases corrections neediest cases children correction misstated fund family city society,Some articles are about corrections to previous articles. Other articles are about needy people or families in the city.,5,5,5,0.01,0.01,0.01818181818181818,13,40,21,2,11,0,0,0,8,217,6OLOM86L
3,7,"article brooklyn New York City[york, city] times children fund neediest family cases east year service bronx society apartment",Cases of poor families in New York.,4,4,5,-0.0,0.0,-0.0,19,39,7,0,4,1,1,0,1,102,RNV3C50J
3,8,"New York[york, bronx, brooklyn] article times street corrections children fund neediest family cases year society apartment",The articles are about poverty in New York. ,5,5,5,-0.0,0.0,-0.0,17,30,19,0,5,10,3,0,1,151,3Q4HD829
4,original,company executive business chief group million board president executives firm york office part companies director deal employees advertising chairman management marketing media vice pay home private corporate yesterday news agency public sales shareholders campaign senior depot corporation partners ads,,4.1111111111111107,3.6666666666666665,4.1111111111111107,0.1,0,0.1,20,40,0
4,0,"company business group board president leadership[chief, executive, management, executives] firm part companies director deal chairman",The theme is about leaders of various corporations.,4,4,4,0.11,0.009999999999999995,0.1375,16,36,11,0,5,4,1,0,1,132,YQBTVRYR
4,1,"company business management[executive, chief, president, executives, management] board of directors[board[board, chairman, director],board, chairman, director] money[million, deal] group firm office employees advertising",They are business announcements,5,5,5,0.08,-0.020000000000000004,0.08,26,39,12,0,3,1,4,0,4,388,GNZ5T0UE
4,2,business company companies group million firm office director deal employees advertising,Articles about business,4,4,4,0.08,-0.020000000000000004,0.14545454545454545,11,38,19,0,2,6,0,7,4,172,911B0Q0C
4,3,management executives chief group board president director deal employees advertising chairman executive,The theme words and news articles are about companies,4,4,4,0.11,0.009999999999999995,0.18333333333333335,12,40,11,0,4,0,0,5,2,144,C9A3ZNG5
4,4,company executive business New York chief group board president executives companies director deal employees advertising management,Business executives and management,4,4,4,0.1,0.0,0.125,16,28,22,1,6,14,0,0,1,164,JW00TQV4
4,5,company companies business management chairman executive chief group board president director employees office advertising,"The theme is business, it deals with things related to business. ",5,5,5,0.11,0.009999999999999995,0.15714285714285714,14,26,40,3,8,14,1,3,11,504,OYRSMH35
4,6,"company boss[executive, chief, president, chairman, director] business group million board executives firm office deal employees advertising management",business and organization information,5,4,5,0.07,-0.03,0.07777777777777779,18,40,6,0,3,0,2,0,1,179,KL7BG5QY
4,7,"company business group million firm york office part companies deal advertising Associates[employees, chairman, management, executive, chief, board, president, executives, director]",The world of business,5,5,5,0.08,-0.020000000000000004,0.07619047619047618,21,34,7,0,0,6,1,0,0,76,SZUZJ6F0
4,8,"management[executive, chief, president, executives, director, chairman, management] company lawsuit financial business group million board firm york office part companies deal employees advertising",Financial and market information for certain businesses.,5,5,5,0.1,0.0,0.09090909090909091,23,38,12,3,1,2,1,0,5,281,VVAF6X5G
5,original,food restaurant wine restaurants chicken chef menu bar sauce meat dinner good fish dining street cream minutes cheese wines chocolate heat room fresh add place dishes cooking oil pork large kitchen cup eat salt sweet pan hot small french,,3.8888888888888888,3.8888888888888888,4.0,0.23,0,0.23,20,40,0
5,0,food menu chicken wine chef bar sauce meat dinner good fish street cream wines cheese chocolate,Recipes cooking and the joy of it ,3,4,2,0.14,-0.09,0.17500000000000002,16,37,15,0,2,7,0,2,4,173,9S0WB9E7
5,1,food restaurant good chicken cheese menu dish chocolate cream delicious chef,I think they're mostly about food and cooking.,4,4,4,0.2,-0.03,0.36363636363636365,11,40,27,6,15,0,0,0,6,267,SHHV2EIX
5,2,"food restaurant flavor[lemon, chocolate, cream, cheese] meat[fish, meat[chicken, pork],chicken, pork] wine menu bar sauce dinner dining street",This theme appears to focus on culinary dishes; more particularly flavors that enhance the taste of dishes.,4,4,4,0.19,-0.04000000000000001,0.2111111111111111,21,40,19,5,7,0,4,0,3,277,DZP6GUAO
5,3,food dinner restaurant restaurants dining bar chef menu wines wine chicken meat fish sauce street cream cheese chocolate,food reviews about restaurants & chefs plus recipes for home.,5,4,4,0.17,-0.06,0.1888888888888889,18,40,11,0,2,0,0,0,9,159,92K0RMCX
5,4,food restaurant wine restaurants chicken chef menu bar sauce meat dinner fish dining street cream cheese chocolate,These articles are all related to food or dining,5,5,5,0.18,-0.05000000000000002,0.21176470588235294,17,40,3,0,3,0,0,0,0,199,K2Y0DD7M
5,5,"restaurants[restaurant, restaurants] food menu dinner Drinking[wine, bar[wine, wines],wine, wines] good chicken chef sauce meat cream cheese fish chocolate dining",They're mostly about fine dining.,5,4,5,0.15,-0.08000000000000002,0.15789473684210525,23,40,16,0,2,0,3,3,8,179,WZD61DJI
5,6,"restaurant food wine chef menu bar dinner good dining street wines ingredients[cream, cheese, meat, sauce, fish, chicken, chocolate]",Restaurant reviews and also recipe ideas.,4,4,5,0.15,-0.08000000000000002,0.15789473684210525,19,27,26,0,1,21,1,2,1,521,TKD9XO2E
5,7,food restaurant wine restaurants chicken chef menu bar sauce dinner fish dining,This them concerns food-related topics. ,4,4,4,0.22,-0.010000000000000009,0.3666666666666667,12,40,8,0,8,0,0,0,0,78,J6BMHIN8
5,8,food restaurant restaurants wine chicken chef menu bar sauce meat dinner good fish dining street cream minutes cheese wines chocolate recipe ethnic food,articles on food and recipe.,4,4,4,0.18,-0.05000000000000002,0.16363636363636364,23,39,4,2,0,1,0,0,1,135,0OW54C8Y
6,original,police court case law judge justice lawyer federal lawyers yesterday state trial department investigation death legal attorney charges officials wilson prosecutors prison man criminal libby jury officers charged cases told evidence crime officer supreme district defense states years office,,4.0,4.0,4.2222222222222223,0.15,0,0.15,20,40,0
6,0,"court case charges police law judge attorney pleaded[pleaded, plead, plea] justice lawyer[lawyer, lawyers] investigation sentence accused guilty trial death legal officials evidence testified defendant prosecutor jury[jurors, jury] testimony[testify, testimony] bail",Legal cases of high profile crimes,5,5,5,0.13,-0.01999999999999999,0.08666666666666667,34,37,50,21,10,3,4,0,12,467,ZEHBMJBZ
6,1,police court case justice federal lawyers state trial department investigation death charges wilson sentenced death penalty civil criminal jury,These articles all relate to criminal justice.,4,4,4,0.13,-0.01999999999999999,0.14444444444444446,19,40,12,5,7,0,0,0,0,142,GJZQ0KPW
6,2,"police[department, police] investigation death charges officials court[court, case, law, judge, justice, lawyer, federal, lawyers, state, trial, attorney, legal]",reports of criminal activity,5,5,5,0.15,0.0,0.16666666666666666,20,39,8,0,2,1,3,0,2,170,9BOHW5XN
6,3,"law police case justice federal state department investigation death legal charges Courtroom[attorney, trial, lawyers, judge, lawyer, court]",This theme focuses on the law and criminal justice.,5,5,5,0.16,0.010000000000000009,0.17777777777777778,18,40,6,0,3,0,1,0,2,101,HT087ID6
6,4,police court case law judge justice lawyer federal lawyers yesterday state trial investigation death legal attorney charges officials wilson civilian black,it was about shooting involving police officers. there was at least one article when a police office was shot and several where civilians were fatally shot by the police and the cases were in court,3,4,4,0.11,-0.039999999999999994,0.10476190476190475,21,40,3,2,1,0,0,0,0,142,WQL0XZ7V
6,5,"department judge court law justice investigation trial case federal lawyers state death legal charges officials police legal representatives[lawyer, attorney]",Government,5,5,5,0.13,-0.01999999999999999,0.1368421052631579,20,40,13,0,2,0,1,0,10,138,Z233E1L1
6,6,law court police case judge justice lawyer federal state trial department investigation death legal attorney charges officials illegal criminal,The theme is Federal Court System.,4,4,5,0.15,0.0,0.15789473684210525,19,40,9,3,4,0,0,0,2,111,NQ19NJ04
6,7,"case litigators[lawyers, attorney] charges police court law judge justice trial investigation death legal officials victim shooting",Modern law in urban areas,4,4,5,0.16,0.010000000000000009,0.18823529411764706,17,39,14,2,6,1,1,0,4,273,O6XL8NRI
6,8,"police law justice federal yesterday state department investigation death legal charges officials Courtroom[court, case, judge, trial] Lawyer[lawyer, lawyers, attorney] convicted",Theme is about justice,5,5,5,0.17,0.020000000000000018,0.1619047619047619,22,39,6,1,1,1,3,0,0,182,A2X70YM3
7,original,city york street state island mayor town jersey building park local long county center residents people community development officials project manhattan department authority million housing area brooklyn public avenue district neighborhood downtown yesterday site council buildings projects years land,,4.2222222222222223,4.2222222222222223,4.0,0.02,0,0.02,20,40,0
7,0,holiday office closings city service Martin Luther King Birthday city york state island town jersey building park local long county center residents people community officials,Martin Luther King's Birthday,4,4,4,0.04,0.02,0.03333333333333333,25,7,51,4,4,39,0,0,4,499,OUF0TYWB
7,1,city york jersey transportation transit development officials street state island park building county community government local project mayor,Municipal news and events for New York and New Jersey.,5,5,5,0.06,0.039999999999999994,0.06666666666666667,18,39,45,7,6,3,0,3,26,595,6FZ6SUI3
7,2,city york project development building community mayor officials street state town island park local county center residents,The theme words have to due with New York City and community news.,4,5,5,0.06,0.039999999999999994,0.07058823529411765,17,31,19,0,3,9,0,0,7,110,L7TSKSFA
7,3,"york city state street island jersey building park local long development officials project offices genre[train, transportation]",new york cities,5,5,5,0.04,0.02,0.047058823529411764,17,32,29,3,4,14,1,5,2,374,KV3J4I3O
7,4,"development[development, project] local[county, local] community Long Island[long, island] jersey officials[officials, mayor] landmarks[landmarks, center[street, park, building],street, park, building] town",Community events and happenings.,5,4,5,0.04,0.02,0.05,25,40,18,0,5,0,6,2,5,486,4VWEPI53
7,5,city york street state island local development mayor town jersey building park long county holiday center project property people community residents officials,The articles are about New York's community development projects during specific events.,4,4,4,0.06,0.039999999999999994,0.05454545454545454,22,39,16,5,1,1,2,0,7,305,P4SSXSY8
7,6,Local News Holidays Corrections community development people mayor town building park local county residents officials project,"The themes seem to be about holidays, corrections, and city news that affects the community.",4,3,4,0.03,0.009999999999999998,0.039999999999999994,16,40,18,3,8,0,0,0,7,106,6OLOM86L
7,7,"city york street state island mayor town jersey building development park long county center citizens[people, residents] community officials project",The theme is about New York and New Jersey and the residential communities within them.,4,4,5,0.05,0.030000000000000002,0.05,20,39,5,0,1,1,1,0,2,207,RNV3C50J
7,8,"New York City[city, york, local, community] street state island mayor jersey building park long county center Residents[residents, people] development officials project",News about New York City and events happening in the town. ,4,5,4,0.04,0.02,0.04,23,37,8,0,1,3,2,0,2,70,3Q4HD829
8,original,energy oil car gas cars ford power company ch fuel vez toyota production ethanol emissions plants plant companies environmental prices carbon industry electricity auto climate american global detroit venezuela year coal natural states corn gasoline design solar price market,,3.7777777777777777,3.3333333333333335,3.8888888888888888,0.08,0,0.08,20,40,0
8,0,"cars energy oil gas ford power fuel production ethanol emissions plants plant companies environmental car company[car, company] technology toyota BMW Ford Audi Jeep Honda Accord Chrysler alternative fuel auto industry",Modern gas-powered vehicles and the auto technology of specific companies seems like the theme here.,5,4,5,0.06,-0.020000000000000004,0.04444444444444444,30,39,20,10,3,3,1,0,3,327,OQJNISI1
8,1,"energy oil car cars power production emissions plants plant company companies environmental prices manufacturer[ford, toyota] fuel[gas, ethanol]","Cars, energy and the environment",5,5,5,0.12,0.039999999999999994,0.1263157894736842,19,39,14,2,3,1,3,0,5,192,MZYGHNN2
8,2,"new sports car cars company fuel production plants companies prices genre[ford, toyota]",car themed items,5,5,5,0.08,0.0,0.12307692307692308,13,32,31,2,2,14,1,8,4,342,4D9YF9YX
8,3,"energy oil car gas cars ford power company fuel toyota production ethanol emissions companies environmental prices plants[plants, plant]",They're about transportation and fuel,5,4,5,0.07,-0.009999999999999995,0.07777777777777779,19,37,6,0,2,3,1,0,0,117,3IB47R2V
8,4,"cars green friendly[environmental, green ] non green energy oil car gas power fuel production ethanol emissions plants plant prices",Cars and Hybrids,5,5,5,0.11,0.03,0.12941176470588237,19,39,14,2,4,1,1,2,4,242,KIEUEHMN
8,5,"car brand[ford, toyota] company fuel production ethanol emissions plant mileage efficiency","The theme has 2 components, the automotive industry and energy in general",4,4,5,0.07,-0.009999999999999995,0.11666666666666668,12,32,23,2,5,8,1,6,1,602,2FI4Q7O2
8,6,energy oil fuel gas ethanol emissions car cars production toyota ford power companies environmental prices,the theme and articles are about cars and energy sources,4,4,4,0.07,-0.009999999999999995,0.09333333333333334,15,40,14,0,5,0,0,0,9,128,MHNDJB2K
8,7,"Brands[ford, toyota, companies, production] cars energy oil car gas power fuel ethanol emissions plants plant environmental prices",They are about cars and what they run off of. ,5,5,5,0.09,0.009999999999999995,0.1,18,39,7,0,3,1,1,0,2,166,GSTGXR2U
8,8,"energy oil gas company fuel production ethanol emissions plants plant environmental manufacturers[ford, toyota]",The theme and articles are about oil and natural energy and the automobile industry's role it plays.,5,4,5,0.09,0.009999999999999995,0.12857142857142856,14,18,30,0,3,22,1,4,0,546,BSPYH69J
9,original,bush iraq president war american administration iran united white troops states military house plan congress officials security nuclear policy secretary national strategy washington ford program intelligence general foreign increase political cheney troop america americans speech nation defense weapons government,,4.1111111111111107,4.0,4.1111111111111107,0.03,0,0.03,20,40,0
9,0,"bush president administration american united white states house congress officials security nuclear policy secretary  military [war, military, troops] correction","The articles are about different things happening in the government, including things with the president and the military.",5,5,5,0.01,-0.019999999999999997,0.011111111111111112,19,38,9,1,1,2,1,2,2,200,PHY1C15L
9,1,"bush iraq war president administration iran united white states plan congress officials security nuclear policy soldiers[military, troops]",US president and war,5,5,5,0.04,0.010000000000000002,0.044444444444444446,18,35,11,0,3,5,1,0,2,199,UVT61M1A
9,2,"bush iraq iran war USA[american, states, united] president administration troops military congress security nuclear policy",The theme is American President George Bush and the war in Iraq.,5,4,4,0.03,0.0,0.0375,15,40,11,0,7,0,1,0,3,126,JYY8DO5Y
9,3,bush politics government iraq president war american administration iran united troops states military house plan congress officials security nuclear policy,Political decision making regarding the war in Iraq,5,5,5,0.02,-0.009999999999999998,0.02,20,32,14,2,2,8,0,0,2,75,L9LAKEAH
9,4,american iraq war administration iran united white troops states military congress officials security nuclear policy secretary president,The things Bush did during his presidency.,4,4,5,0.03,0.0,0.03529411764705882,17,34,12,1,2,6,0,2,1,126,THCZJP5X
9,5,"bush iraq president war american administration iran united states house plan congress officials security policy secretary attack[nuclear, troops, military]",American President George Bush deciding how to handle the Iraq conflict,4,4,4,0.01,-0.019999999999999997,0.01,20,40,4,1,2,0,1,0,0,120,1TW8NN21
9,6,"bush president iraq strategy iran war american united states congress security nuclear secretary armed forces[troops, military]",They are about Bush's plans  and stances on Iraq and Iran.,5,5,5,0.02,-0.009999999999999998,0.023529411764705882,17,37,14,1,4,3,1,2,3,215,DUGV417A
9,7,"iran iraq war american administration united white troops states military house plan officials security policy government[congress, secretary] elected officials","government, politics, and elected officials.",3,4,4,0.03,0.0,0.03157894736842105,20,37,9,1,1,3,1,2,1,121,X8SMP913
9,8,"war iraq iran american military troops plan officials security nuclear policy Location[White, House] American President[president, bush] United Nations[United, Nations]",The theme is regarding the Iraq/Iran and American War and the American President.,5,4,4,0.0,-0.03,0.0,22,32,26,4,7,8,3,0,4,523,N14RSUIB
10,original,years time year people make made long called back work part recent put change end added ago including major making set good early day move week number month days left past important give recently taking began place high point,,2.2222222222222223,2.2222222222222223,2.4444444444444446,0.0,0,0.0,20,40,0
10,0,"time years people long back work part recent making process[make, made] decade added called",Time and people,4,4,4,-0.0,-0.0,-0.0,15,39,12,1,3,1,2,4,1,211,QKFQEO70
10,1,change made long back work part end making decision,Things that happen this time of year done by people,3,3,3,0.02,0.02,0.044444444444444446,9,35,19,1,12,5,0,0,1,129,MEQMEGLO
10,2,people recent change church F.A.A.,"These are about national news
",2,2,3,-0.02,-0.02,-0.06666666666666667,4,40,23,4,19,0,0,0,0,184,KBWJJB49
10,3,"change[making, made, make, change, added] time[back, time[time, end[years, year, time, ago],years, year, time, ago],time, end[years, year, time, ago],years, year, time, ago]",Change over time.,4,4,4,0.03,0.03,0.05454545454545454,29,40,17,0,8,0,5,0,4,282,87PF76D0
10,4,"change people make made called back work part recent time[years, time, year, long, ago, end] political parties[republican, democrat] environment[climate, global] F.A.A. business presidential earth politicians[obama, clinton] campaign church companies",The articles seem to be describing various political topics.,3,2,3,-0.0,-0.0,-0.0,32,26,52,21,12,14,4,0,1,697,GC5HKPA8
10,5,Election president politics candidates people long recent change global warming,The articles are about political concerns.,4,4,4,0.04,0.04,0.08,10,19,52,6,16,23,0,2,5,671,DRT8AM50
10,6,time year people work part recent change end major,What is happening around the nation.,5,4,4,0.01,0.01,0.022222222222222223,9,32,19,0,11,8,0,0,0,168,O6WJYG10
10,7,Politics people recent government campaign President race 2008 Romney Obama,"politics, world news, local news",4,4,4,0.01,0.01,0.022222222222222223,9,8,63,8,18,36,0,0,1,597,9N8V50P1
10,8,news politics science people work,"us world news political
",5,4,5,0.03,0.03,0.12,5,32,32,3,18,8,0,0,3,127,DYMCA3LM
11,original,state health tax percent pay money million year federal care government system insurance workers plan budget cost officials law people program increase public policy states companies billion union administration years costs spending private income benefits bill taxes congress cuts,,4.0,4.1111111111111107,4.2222222222222223,0.11,0,0.11,20,40,0
11,0,health tax state percent pay money year federal care government system insurance workers plan budget cost officials law people property,Health and taxes,5,5,5,0.1,-0.009999999999999995,0.1,20,33,11,1,1,7,0,0,2,102,SNAB9B4T
11,1,health insurance health care workers government state plan budget percent system pay money federal cost officials law people tax,Health Care and government,5,5,5,0.09,-0.020000000000000004,0.1,19,25,34,4,5,15,1,0,9,408,B8W6KR68
11,2,health insurance government federal state cost pay workers plan President care system country drug tax policy uninsured,"This theme is about state and goverment taxes and health care
",5,5,5,0.11,0.0,0.12941176470588237,17,32,42,10,4,14,0,8,6,601,QAMW4L9I
11,3,"government state federal system insurance tax workers plan people million healthcare[health, care] cost[budget, money]",things to do with the government,4,4,4,0.1,-0.009999999999999995,0.125,16,40,22,1,7,0,3,0,11,598,YV5HNNU4
11,4,state health tax pay money year federal care government insurance budget officials law,They seem to be about the government.,4,4,4,0.13,0.020000000000000004,0.2,13,40,7,0,7,0,0,0,0,174,OHVVSQRB
11,5,"tax percent Healthcare[health, care, insurance] budget pay state money million year federal government system workers plan cost officials law people",taxes and healthcare,4,4,4,0.14,0.030000000000000013,0.13333333333333333,21,37,10,0,0,5,1,1,3,278,EKU02HLJ
11,6,"state health tax percent million year federal care government system insurance plan officials law people[workers, people] finance[budget, cost, money, pay]",They seem to be about state budgets and other financial issues.,5,4,5,0.14,0.030000000000000013,0.13333333333333333,22,38,6,0,0,2,2,0,2,203,1W4XOSZH
11,7,state health tax percent pay money year federal care government system insurance workers plan officials law people,Theme is about employment deductibles,4,4,4,0.09,-0.020000000000000004,0.10588235294117647,17,38,5,0,3,2,0,0,0,117,SYV4OTLW
11,8,"Health Care[Health Care, care[health, insurance, plan],health, insurance, plan] tax[tax, taxes]",Taxes and politics.,4,4,4,0.21,0.09999999999999999,0.7,14,40,22,1,15,0,3,0,3,165,CT213KI2
12,original,democrats state republican house senate senator democratic spitzer governor campaign political clinton party democrat republicans committee election york vote presidential president lawmakers candidates congress mrs bill representative office majority members obama public chairman elected john speaker voters leader pelosi,,4.0,3.7777777777777777,4.2222222222222223,0.09,0,0.09,20,40,0
12,0,"congress[senate, house, senator] political party[political, party] state campaign republican governor democrat presidential election vote democratic",The theme words are about political party affiliation in different parts of the government.,5,4,5,0.11,0.020000000000000004,0.14666666666666667,17,35,37,0,6,21,2,0,8,355,ZBIW0CY9
12,1,"political republican democrat senate[senate, senator] governor campaign committee election spitzer clinton house vote presidential",These news articles are mainly about different aspects of politics. ,4,4,4,0.06,-0.03,0.08571428571428572,15,39,16,0,5,1,2,0,8,905,5TROXYIV
12,2,"democrat[democrats, democrat] republican[republican, republicans] senat[senate, senator] presidential house democratic campaign state political[election, political] vote spitzer governor clinton party committee york",political events in america,5,5,5,0.05,-0.039999999999999994,0.047619047619047616,24,40,19,2,0,0,4,0,13,165,WSCGIOCX
12,3,democrats state republican house senate senator democratic spitzer governor campaign political clinton party democrat republicans committee election york vote presidential GOP race,It is mainly about politics and the ongoing GOP race.,4,4,4,0.09,0.0,0.08181818181818182,21,34,8,2,0,6,0,0,0,190,MNOYCZEQ
12,4,political republican democrat presidential campaign house senate state senator democratic governor party committee republicans democrats election vote,2008 Elections for president and senate elections,4,5,5,0.11,0.020000000000000004,0.12941176470588237,17,26,34,1,3,18,0,0,12,452,KMHSLN8C
12,5,democrats state republican house senate governor campaign political election vote presidential,They are related to politics in general.,4,4,4,0.1,0.010000000000000009,0.18181818181818182,11,25,24,0,9,15,0,0,0,131,P2ZX3GWH
12,6,political senate senator republican democratic governor campaign clinton democrat republicans democrats committee election presidential vote,This theme is based on politics in america and what is going on in 2015.,4,4,4,0.11,0.020000000000000004,0.14666666666666667,15,38,12,0,5,2,0,0,5,195,PXALXA6C
12,7,democrats state republican house senate senator democratic governor campaign political clinton party democrat republicans committee election york vote presidential,Recent Political News,5,5,5,0.07,-0.01999999999999999,0.0736842105263158,19,36,5,0,1,4,0,0,0,233,TFVUIGV6
12,8,republican democrat state house senate senator campaign clinton committee election vote presidential govenor[spitzer],General articles about politics.,3,3,4,0.05,-0.039999999999999994,0.07142857142857144,14,40,11,0,7,0,1,0,3,202,N9H1BRYG
13,original,art museum street work artists artist show arts jan works gallery exhibition american avenue painting center century west paintings french early free modern cultural history york collection contemporary feb sunday world drawings paris shows library sculpture museums de galleries,,4.333333333333333,3.7777777777777777,4.2222222222222223,0.08,0,0.08,20,40,0
13,0,art museum art news exhibition gallery artists work artist show arts works american painting center century paintings french antique,Museum art and exhibition of various artworks.,5,4,5,0.1,0.020000000000000004,0.11111111111111112,19,34,18,2,4,8,0,0,4,258,OQJNISI1
13,1,"art arts artist works location[museum, gallery] origin[french, american, mexican, spanish, congolese, hungarian] medium[sculpture, photographs, paintings] event[fair, show, exhibition]","They are about visual art exhibitions in museums, galleries, and other venues",5,5,5,0.04,-0.04,0.03636363636363636,22,36,67,12,26,4,9,0,16,1806,MZYGHNN2
13,2,"paintings art display work artists artist arts works gallery avenue painting genre[street, american, french, century]",articles on arts,5,5,5,0.12,0.039999999999999994,0.15,16,29,31,3,6,13,1,5,3,392,4D9YF9YX
13,3,"art museum artists artist arts gallery american paintings[painting, paintings] showcase[show, exhibition]",The theme words are about art and museums and high culture. ,5,4,5,0.14,0.06000000000000001,0.23333333333333336,13,31,20,0,9,9,2,0,0,185,3IB47R2V
13,4,"art[art, arts] artists[artists, artist] museum work show gallery exhibition american avenue center century west Misc.",antiques and art shows,5,5,5,0.05,-0.03,0.06666666666666667,17,39,13,1,3,1,2,3,3,295,KIEUEHMN
13,5,"art artist exhibition gallery show museum work painting paintings photography sculpture folk art drawings textile art origin[french, american]","This theme is all about art: painting, photography, sculpture, textile art, drawing",5,5,5,0.08,0.0,0.09411764705882353,19,28,32,5,9,12,1,0,5,709,2FI4Q7O2
13,6,art museum work arts artist artists show works gallery exhibition painting century paintings american french,The theme and articles are about art in different forms,4,4,4,0.11,0.03,0.14666666666666667,15,40,8,0,5,0,0,0,3,209,MHNDJB2K
13,7,"Locations[art, museum, exhibition, gallery] show artist painting work american century french",They are about artists and art museums. ,5,5,5,0.06,-0.020000000000000004,0.1,12,40,18,0,9,0,2,0,7,301,GSTGXR2U
13,8,"art museum arts artists artist gallery exhibition painting paintings show works work cultures[american, french]",The theme and articles are about art and artists.,5,5,5,0.11,0.03,0.14666666666666667,15,38,13,0,6,2,1,0,4,283,BSPYH69J
14,original,back day home time family years people man night told year father life house left found son friends asked wife young woman days mother called room thought began wanted children morning lot ago knew started good hours head turned,,2.5555555555555554,2.4444444444444446,3.1111111111111112,0.03,0,0.03,20,40,0
14,0,"people night year father life left found friends asked wife baby family[years, man, told]",The articles are about crimes and accidents.,4,4,4,0.04,0.010000000000000002,0.05333333333333333,15,38,13,1,4,2,1,3,2,178,PHY1C15L
14,1,day home time family years people man night year father life house found son friends wife,stories about families,2,3,3,0.02,-0.009999999999999998,0.025,16,38,6,0,4,2,0,0,0,54,UVT61M1A
14,2,"home[home, house] family father son friends wife",I do not see a consistent theme here.,3,3,3,0.11,0.08,0.3142857142857143,8,14,45,0,13,30,1,0,1,347,JYY8DO5Y
14,3,crime dead family back day home time years people man night told year father life house left found son wife,Crime and other accidents happening to people,4,4,4,0.04,0.010000000000000002,0.04,20,31,16,2,2,9,0,0,3,92,L9LAKEAH
14,4,family home time years people man night year father life house left found friends dead accident,Accidents and crimes that have happened,4,4,4,0.03,0.0,0.0375,16,29,22,2,6,11,0,0,3,80,THCZJP5X
14,5,"time years people man told year life left found friends household[family, home, house] part of day[day, night]",they are about people dying,3,3,4,0.03,0.0,0.03333333333333333,19,39,6,0,2,1,3,0,0,568,1TW8NN21
14,6,"family[wife, father, son, friends, people, family] home man told life house found saved hero murder",This theme seems a little harder to identify - it seems like maybe family tragedies?,4,4,4,0.06,0.03,0.07999999999999999,16,33,20,3,5,7,1,3,1,352,DUGV417A
14,7,"back day time years people man night year house father life left son friends wife found family[found, family] veteran violence","Death, violence, veterans",3,3,3,0.01,-0.019999999999999997,0.010526315789473684,21,39,11,2,2,3,1,2,1,241,X8SMP913
14,8,years day home time family man night told year father life house left found son friends wife Shooting School Sorrow,A day in the life of a person,4,4,4,0.06,0.03,0.06,20,40,11,4,4,0,0,0,3,148,N14RSUIB
15,original,league john san st national year calif named tex contract louis terms coach ohio brown agreed jr david johnson james michael texas fla manager west city francisco chicago nelson pa red atlanta north signed carolina mich jones smith announced,,2.8888888888888888,3.0,3.1111111111111112,0.03,0,0.03,20,40,0
15,0,"national league san year named contract louis terms coach brown agreed states[ohio, calif, tex] fla","Leagues, coaches, and teams.",5,5,5,0.0,-0.03,0.0,16,37,12,1,2,3,1,4,1,96,QKFQEO70
15,1,baseball contract terms league national players contracts,"baseball league, coaches and players",5,5,5,0.11,0.08,0.3142857142857143,7,27,38,3,18,15,0,0,2,173,MEQMEGLO
15,2,"Deaths[memorial, death, notice, dead] Sports[national, Sports[league, Transactions[terms, contract, agreed],terms, contract, agreed],league, Transactions[terms, contract, agreed],terms, contract, agreed]","They concern recent deaths and sports transactions
",4,4,4,-0.02,-0.05,-0.03333333333333333,24,40,30,6,15,0,5,0,4,323,KBWJJB49
15,3,"major league baseball league[minor league, development league, national league, american league] player[john, johnson, james, david, brown, jr] contract[contract, terms, agreed] named coach year location[tex, location[ohio, calif, louis, st, san],ohio, calif, louis, st, san]","Sports roster trades, hires, and fires.",5,5,5,0.02,-0.009999999999999998,0.014814814814814814,39,25,42,8,7,15,7,0,5,501,87PF76D0
15,4,"baseball league american national year named contract terms coach agreed player names[john, brown, david, jr, johnson, james] locations[san, st, calif, louis, ohio]",The theme seems to be about baseball league contracts.,5,4,5,0.03,0.0,0.025,24,24,25,2,1,18,2,0,2,301,GC5HKPA8
15,5,"baseball[major, league, baseball] national year named contract louis terms coach brown agreed",The theme is about major league baseball.,4,5,5,0.03,0.0,0.05,13,21,34,2,10,19,2,0,1,187,DRT8AM50
15,6,league baseball contract national john san st year named tex louis terms coach brown agreed jr david johnson james,MLB players and contract information.,5,4,5,-0.0,-0.03,-0.0,19,23,57,1,2,51,0,0,3,399,O6WJYG10
15,7,"league national year contract coach Death Baseball suspended traded signed Hockey[NHL, hockey]",sports and obituaries,5,5,5,0.07,0.04000000000000001,0.11666666666666668,12,37,34,9,17,7,1,0,0,448,9N8V50P1
15,8,coach agreed terms league named national contract,Sports contracts and buyouts.,5,5,5,0.06,0.03,0.17142857142857143,7,39,18,0,13,1,0,0,4,50,DYMCA3LM
16,original,book books life author wrote history story published war american mailer writing review world john death write simon writes written characters literary white readers fiction novels house read man poet james love magazine ages week english times publishers writers,,3.5555555555555554,3.8888888888888888,3.8888888888888888,0.1,0,0.1,20,40,0
16,0,book history review american best seller books life author story published war world children young adult,"These theme words are descriptions of books and stories about American life and war history, published by specific authors. ",5,4,5,0.07,-0.03,0.08750000000000001,16,35,19,3,5,6,1,0,4,469,OQJNISI1
16,1,book books life author history story war american writing review,"History-related books and authors
",3,3,3,0.07,-0.03,0.14,10,36,16,0,10,6,0,0,0,141,MZYGHNN2
16,2,"best seller book books author story review genre[wrote, writing, write, writes, written]",best selling books,5,5,5,0.13,0.03,0.2,13,31,24,2,6,9,1,4,2,287,4D9YF9YX
16,3,"author wrote history story published war american mailer writing review write writes books[book, books]","Literature and reading, both fiction and non fiction.",5,5,5,0.1,0.0,0.14285714285714288,15,39,8,0,6,1,1,0,0,122,3IB47R2V
16,4,"books life history story published war american review world simon children's written by[writing, written, writes, wrote] online best sellers","books and authors
",5,5,5,0.03,-0.07,0.03,21,39,12,3,4,1,1,2,1,501,KIEUEHMN
16,5,book review books author wrote novel story published fiction non-fiction history editor,"books, authors, the literary world",5,5,5,0.15,0.04999999999999999,0.25,13,36,24,4,12,4,0,0,4,530,2FI4Q7O2
16,6,book books author story published writing review write writes written,"The themes and articles are about books and reading, including authors and book lists.",5,5,5,0.16,0.06,0.32,10,40,14,0,10,0,0,0,4,417,MHNDJB2K
16,7,book author List Best published review american,They are about best selling authors.,5,5,5,0.09,-0.010000000000000009,0.2571428571428571,7,40,22,2,15,0,0,0,5,216,GSTGXR2U
16,8,book books author writing published life wrote history story war american review death write writes written,The theme is the literary world and everything involved with it.,4,5,5,0.08,-0.020000000000000004,0.1,16,38,9,0,4,2,0,0,3,179,BSPYH69J
17,original,paid notice deaths january family wife beloved york died years husband ny president survived late funeral father st memorial loving mother friend grandchildren john david board pm service services law member great son brother sister devoted friends daughter home,,4.0,4.4444444444444446,4.2222222222222223,0.03,0,0.03,20,40,0
17,0,"passed away[deaths, died] funeral memorial",It is the obituary section.,5,5,5,0.09,0.06,0.3,6,40,19,0,17,0,1,0,1,117,ZBIW0CY9
17,1,"death[deaths, died] january beloved family husband wife father loving funeral president memorial years survived ny paid notice",News articles about deaths. ,4,4,4,0.07,0.04000000000000001,0.07777777777777779,18,33,33,0,3,7,1,0,22,498,5TROXYIV
17,2,deaths family beloved notice paid january wife york died years husband ny president survived late funeral father st memorial loving,deaths of family members,4,5,5,0.05,0.020000000000000004,0.05,20,40,11,0,0,0,4,0,7,652,WSCGIOCX
17,3,notice deaths family wife beloved died years husband survived late funeral father memorial loving obituary newspaper church,All of these articles are obituaries.,5,5,5,0.06,0.03,0.07058823529411765,17,40,9,3,6,0,0,0,0,77,MNOYCZEQ
17,4,"Notice Deaths[notice, deaths] Obituaries[Obituary, Obituaries] january funeral memorial Family Wife Mother Father Grandfather Grandmother",Paid Notice of Deaths in January,5,5,5,0.07,0.04000000000000001,0.10769230769230771,16,29,51,12,13,11,3,7,5,562,KMHSLN8C
17,5,"Obituaries[paid, notice, deaths] Date[january, died] Relatives[family, wife, beloved, husband, survived, father, late, loving] Service[funeral, memorial]",They are death notices or obituaries.,4,4,5,0.05,0.020000000000000004,0.05263157894736842,19,40,36,0,8,0,9,15,4,999,P2ZX3GWH
17,6,deaths family memorial beloved died husband funeral paid father st loving,This is about political deaths.,4,4,5,0.07,0.04000000000000001,0.1272727272727273,11,40,15,0,9,0,0,0,6,127,PXALXA6C
17,7,paid notice deaths january family wife beloved york died years husband ny president survived late funeral father st memorial loving nj temple rabbi,New York Death notices,5,5,5,0.02,-0.009999999999999998,0.017391304347826087,23,40,4,4,0,0,0,0,0,213,TFVUIGV6
17,8,notice deaths january family wife husband father mother died survived funeral memorial,Paid private obituaries of random people.,4,5,5,0.07,0.04000000000000001,0.11666666666666668,12,40,14,1,9,0,0,0,4,120,N9H1BRYG
18,original,season game football team coach bowl giants players patriots colts manning play super field games quarterback year jets baseball bears yards league yankees teams player sunday saints state defense yard playoff championship conference mets defensive pass coughlin seasons ball,,4.0,4.0,4.1111111111111107,0.11,0,0.11,20,40,0
18,0,"football season game teams[jets, bears, giants, patriots, colts]",Recent news in sports.,5,5,5,0.02,-0.09,0.044444444444444446,9,38,27,0,17,4,2,0,4,149,ZBIW0CY9
18,1,"game[game, games] football sports teams[patriots, colts, giants, jets] season coach team quarterback manning year players play field baseball",News articles about sports. ,4,4,4,0.13,0.020000000000000004,0.1368421052631579,20,40,17,0,3,0,3,0,11,165,5TROXYIV
18,2,"team game football games colts bowl players season coach play super field year player[manning, quarterback]",sports games and teams ,5,5,5,0.1,-0.009999999999999995,0.125,16,40,14,0,1,0,4,0,9,187,WSCGIOCX
18,3,season game football team coach bowl giants players patriots colts manning play super field games quarterback year jets baseball bears NFL MLB ESPN sports news,They are mostly about football news and stories. Mainly NFL games.,4,4,4,0.02,-0.09,0.016,22,40,5,5,0,0,0,0,0,95,MNOYCZEQ
18,4,"football season Super Bowl[super, bowl] Football Teams[colts, jets, giants, patriots] Playoff Eli Manning Peyton Manning Manning[Eli, Peyton]",Seasons of Football,5,5,5,0.05,-0.06,0.07692307692307693,20,29,40,6,14,11,3,0,6,650,KMHSLN8C
18,5,season game football team coach players quarterback,They are about upcoming NFL games and related news.,4,4,4,0.23,0.12000000000000001,0.6571428571428571,7,34,21,0,13,8,0,0,0,317,P2ZX3GWH
18,6,season game football team coach bowl giants players patriots colts play super field games quarterback year jets bears,The theme is about american football. All of the information and gametimes.,4,4,4,0.04,-0.07,0.044444444444444446,18,40,2,0,2,0,0,0,0,18,PXALXA6C
18,7,season game football team coach bowl giants players patriots colts manning play super field games quarterback year jets bears Chicago Fiesta Coughlin,Current Football News,5,5,5,0.01,-0.1,0.00909090909090909,22,33,13,4,2,7,0,0,0,282,TFVUIGV6
18,8,football season game coach bowl players quarterback,College and professional American football.,4,4,4,0.21,0.09999999999999999,0.6,7,40,14,0,7,0,0,6,1,282,N9H1BRYG
19,original,people life world editor good jan great time make makes doesn real kind things america times work free bad thing sense long words american idea person hard mind word true story find power fact human culture feel big wrote,,2.6666666666666665,2.7777777777777777,2.5555555555555554,0.02,0,0.02,20,40,0
19,0,"people life world editor good make makes real kind things america work free bad thing gay spending[great, time]",They are about America,4,4,4,0.05,0.030000000000000002,0.05263157894736842,19,39,6,1,3,1,1,0,0,98,SNAB9B4T
19,1,American people people freedom Politics world america work religion Social Policy Civil Rights free will,People and Social policy,4,5,5,0.06,0.039999999999999994,0.08571428571428572,15,23,45,8,17,17,0,0,3,664,B8W6KR68
19,2,editor letter times life people america world time work free thing religious faith,It looks like these are all letters to the Editor.,5,5,5,0.01,-0.01,0.015384615384615385,13,26,33,3,10,14,0,0,6,269,QAMW4L9I
19,3,"people life good times free make things work opinion[editor, voice, speak]",people and lifestyle,3,4,4,0.03,0.009999999999999998,0.05,12,37,25,4,13,5,1,0,2,540,YV5HNNU4
19,4,editor people life world,They seem to be on the social side.,4,4,4,-0.01,-0.03,-0.05,4,40,17,0,16,0,0,0,1,202,OHVVSQRB
19,5,life people world editor good jan great time make makes real kind things america times work free bad thing Politics Advice,"philosophy, habits, life advice and social issues in america is discussed",4,4,4,0.05,0.030000000000000002,0.047619047619047616,21,36,11,3,2,4,0,0,2,155,EKU02HLJ
19,6,editor people life world jan time make real things america times work free Health,"I think they are about lifestyle and people in general, specifically in America.",4,4,4,0.04,0.02,0.05714285714285715,14,38,15,2,6,2,0,2,3,215,1W4XOSZH
19,7,"good editor great time make makes real kind things times work free bad thing learn culture[people, world, america]",All are about educational books that teaches us certain things,3,3,4,0.05,0.030000000000000002,0.05263157894736842,19,39,8,1,2,1,1,2,1,164,SYV4OTLW
19,8,"To The Editor[Editor[editor, the editor],editor, the editor]",Letters to the Editor?,4,4,4,0.01,-0.01,0.06666666666666667,10,22,43,1,19,20,3,0,0,182,CT213KI2
20,original,film show movie television series films million fox hollywood movies viewers director producer comedy night year tonight nbc season shows production abc awards star actor theater audience studio documentary character angeles actors directed los big disney stars oscar episode,,3.7777777777777777,3.6666666666666665,3.8888888888888888,0.11,0,0.11,20,40,0
20,0,"theatre[movie, movies, films] film show television series million fox hollywood viewers comedy nbc season shows cbs",Film and television.,5,5,5,0.07,-0.039999999999999994,0.0823529411764706,17,38,10,1,3,2,1,2,1,135,QKFQEO70
20,1,ratings viewers film show movie television series films season shows,Ratings of movies and television,5,5,5,0.14,0.030000000000000013,0.28,10,40,14,1,11,0,0,0,2,146,MEQMEGLO
20,2,"entertainment[million, entertainment[film, show, movie, television, series, films, fox, hollywood, movies, viewers, director, producer, comedy, nbc, season, shows],film, show, movie, television, series, films, fox, hollywood, movies, viewers, director, producer, comedy, nbc, season, shows]",This is about entertainment,5,5,5,0.07,-0.039999999999999994,0.07777777777777779,35,40,7,0,3,0,2,2,0,96,KBWJJB49
20,3,"television season series shows show movies[movie, film, movies[film, films],film, films] genre[drama, tragedy, comedy] networks[ABC's, ABC, networks[abc, cbs, pbs, nbc, fox],abc, cbs, pbs, nbc, fox]",TV shows and specials on the major television networks and a few movies and Broadway shows.,5,5,5,0.07,-0.039999999999999994,0.07,30,36,34,7,9,4,6,0,8,829,87PF76D0
20,4,"million viewers show movie series comedy night year season channels[CBS, ABC, CW, nbc, fox] demographic",The theme seems to be about brief descriptions of viewership of TV shows for each week.,5,5,5,0.03,-0.08,0.0375,13,22,42,7,12,20,1,0,2,430,GC5HKPA8
20,5,"film show movie television series fox hollywood movies director producer comedy night year tonight nbc season shows viewers[million, viewers]",The theme is about movies and television shows.,5,5,5,0.04,-0.07,0.042105263157894736,20,38,4,0,1,2,1,0,0,144,DRT8AM50
20,6,show television series million fox hollywood viewers comedy night year tonight nbc season shows,"Television and network shows, their ratings and awards.",5,4,5,0.05,-0.06,0.07142857142857144,14,37,9,0,6,3,0,0,0,161,O6WJYG10
20,7,"television fox hollywood movies viewers director producer comedy tonight nbc season Ratings reviews schedule Broadway Theater awards Movies[films, movie, film] shows[shows, show, series]",Television and movie ratings,5,5,5,0.07,-0.039999999999999994,0.06086956521739131,25,40,13,6,3,2,2,0,0,369,9N8V50P1
20,8,reviews awards hollywood television movies series shows,film and theater news.,5,5,5,0.13,0.020000000000000004,0.37142857142857144,7,35,28,2,15,5,0,0,6,123,DYMCA3LM
22,original,web internet online site company technology microsoft software video computer service companies apple digital mail radio system sites phone music google information free cable business users media services customers industry search tv mobile windows computers year consumers wireless data,,3.7777777777777777,3.5555555555555554,4.0,0.15,0,0.15,20,40,0
22,0,technology web internet digital computer company software online site microsoft laptop video service companies apple mail system sites music,The use of phones with the internet,4,3,4,0.05,-0.09999999999999999,0.05263157894736842,19,23,38,6,1,17,0,6,8,297,ZEHBMJBZ
22,1,"www[site, www[online, sites, web, internet],online, sites, web, internet] companies[company, apple, companies, microsoft] systems, security and software[software, system] tech[computer, technology] phone, media and services[phone and other services, video[radio, service, music, digital, mail, phone],radio, service, music, digital, mail, phone]","This is all technical information for the ""techie"".",4,4,4,0.05,-0.09999999999999999,0.03571428571428572,46,40,7,0,0,0,7,0,0,312,GJZQ0KPW
22,2,"technology Internet[internet, online, site, sites, web] computer software microsoft video service apple digital mail radio system phone music",Technology news and advice,5,5,5,0.07,-0.07999999999999999,0.07777777777777779,19,39,12,0,2,1,2,1,6,190,9BOHW5XN
22,3,internet technology web online site company microsoft software video computer service apple digital system phone PC,These articles are about the internet and computing technology.,5,5,5,0.08,-0.06999999999999999,0.1,15,39,9,1,5,1,0,0,2,91,HT087ID6
22,4,"web internet online site technology software video computer service companies digital mail radio system sites phone music vendor[apple, microsoft, company]",about different telecommunication media including web and different digital software,2,3,3,0.05,-0.09999999999999999,0.047619047619047616,21,40,2,0,0,0,2,0,0,160,WQL0XZ7V
22,5,"web internet online site company software video computer service digital mail radio system sites phone music brands[microsoft, apple]",They all appear to be about technology.,5,5,5,0.06,-0.09,0.0631578947368421,19,40,5,0,2,0,3,0,0,157,Z233E1L1
22,6,"technology web internet online site software video computer service digital mail radio system sites phone music companies[apple, microsoft, companies]",The theme is technology.,4,3,4,0.06,-0.09,0.0631578947368421,20,40,3,0,1,0,1,0,1,181,NQ19NJ04
22,7,technology web internet system computer online software mail site audio music video service digital phone company companies microsoft information sites,modern information technology,4,4,4,0.1,-0.04999999999999999,0.1,20,40,20,2,2,0,0,0,16,312,O6XL8NRI
22,8,"site company technology microsoft video service companies apple digital sites phone music Online[internet, web, online] Computer[computer, software, system]",They are about technology and computers.,5,4,5,0.09,-0.06,0.1,20,37,9,1,3,3,2,0,0,154,A2X70YM3
23,original,house building number square market room estate million street real weeks bathrooms apartment year bedroom half foot listed home property kitchen broker full lot taxes floor bedrooms story apartments family buildings floors feet living east space brokers area bath,,3.6666666666666665,3.6666666666666665,3.6666666666666665,0.05,0,0.05,20,40,0
23,0,"real estate[real, estate] new york residential sales home sales apartment house building bathrooms bedroom home property square feet real estate transactions",These articles are about real estate in the New York City area.,5,4,5,0.11,0.06,0.1375,22,39,25,6,12,1,1,0,5,226,HJ8RF4SW
23,1,"time[weeks, year] rooms[bathrooms, bedroom] size[foot, square] living space[apartment, house, property] available[market, listed] location[number, street]",They're about real estate.,5,4,5,0.01,-0.04,0.01,20,40,19,2,7,4,6,0,0,626,ZR8CW6PP
23,2,"house number listed market room estate million street real bathrooms apartment year bedroom home property New York size[square, foot]",It is about house/apartment sales and locations. ,5,4,5,0.05,0.0,0.05,20,39,7,1,2,1,1,1,1,166,GRMIOJ3I
23,3,"building residential sales house square market room estate million real weeks apartment year half foot listed home property rooms[bedroom, bathrooms] location[street, number]",homes for sale,4,4,4,0.06,0.009999999999999995,0.05,24,37,11,2,0,3,2,0,4,358,L17ON3TB
23,4,"number market estate million street weeks year foot listed property Building information[house, apartment, bedroom, bathrooms, building, square, room, home] Accomodation","House and its size, perhaps thinking about it or an apartment. ",4,4,4,0.05,0.0,0.05,21,39,5,1,2,1,1,0,0,128,0SLFE3IH
23,5,"property real estate[real, estate] house building market listed room street bathrooms apartment bedroom home rent",These articles are about the housing market.,4,4,4,0.12,0.06999999999999999,0.17142857142857143,16,36,19,1,7,6,1,0,4,329,05LH193D
23,6,"real estate[real, estate] listing[listed, listing] property house building number market room street bathrooms apartment square foot[square, foot] bedroom home seller buyer agent pets",These are real estate listings and home-buying tips.,5,4,5,0.1,0.05,0.09523809523809523,26,39,22,8,4,1,3,2,4,567,FMVFRPWV
23,7,"million weeks apartment listed home property sale rent properties of real estate[room, year, bedroom, half]","This section is organizing classified house listings, and discussions of real estate.",5,5,5,0.04,-0.010000000000000002,0.05,16,32,26,6,9,8,3,0,0,341,E6NQ46WD
23,8,"residential house building apartment number square market room street bathrooms bedroom listed home property real estate[real, estate]",Trends in the housing market.,5,4,5,0.1,0.05,0.125,18,40,11,1,5,0,1,0,4,601,MBTT8UM5
24,original,game team games season points players play knicks nets coach basketball year night player teams thomas williams played won playing point league time victory shot win half left top back hockey lead made sports match final world forward minutes,,4.333333333333333,4.1111111111111107,3.8888888888888888,0.13,0,0.13,20,40,0
24,0,basketball game team season points players coach won,These are all basketball related stories.,5,5,5,0.19,0.06,0.475,8,33,21,0,12,7,1,0,1,109,YQBTVRYR
24,1,game team season points players play knicks nets coach basketball player thomas williams won hockey sports,various sports stories,4,4,4,0.11,-0.020000000000000004,0.1375,16,40,8,2,6,0,0,0,0,104,GNZ5T0UE
24,2,game basketball games season points play knicks nets year played won playing,These articles are about sports games and teams,4,4,4,0.14,0.010000000000000009,0.23333333333333336,12,34,17,0,3,6,0,5,3,253,911B0Q0C
24,3,teams game games season points players knicks nets coach basketball player won,"These articles seem to be about sports teams, given the themes",5,5,5,0.16,0.03,0.26666666666666666,12,40,9,0,5,0,0,3,1,105,C9A3ZNG5
24,4,basketball game nets team games season players coach,Sports headlines and news,5,4,5,0.17,0.04000000000000001,0.42500000000000004,8,25,32,0,11,17,0,1,3,134,JW00TQV4
24,5,game games team teams season points players player play playing played knicks nets coach basketball year night won,The themes and articles are associated with sports.,5,4,5,0.11,-0.020000000000000004,0.12222222222222223,18,40,13,0,2,0,2,2,7,359,OYRSMH35
24,6,"game team season points players play knicks nets coach basketball year night played won playing Player[thomas, williams] lost",baseball games and players,5,4,4,0.06,-0.07,0.0631578947368421,19,40,5,1,3,0,1,0,0,96,KL7BG5QY
24,7,basketball season games points players knicks nets coach player teams,Basketball and other sports.,5,5,5,0.14,0.010000000000000009,0.28,10,39,13,0,10,1,0,0,2,178,SZUZJ6F0
24,8,"NY NBA Teams[knicks, nets] NBA New York team season points coach basketball year teams played playing players[players, thomas, williams, player]",They are about New York NBA basketball teams.,5,5,5,0.08,-0.05,0.08421052631578947,19,26,26,2,2,14,2,3,3,338,VVAF6X5G
25,original,american iraqi government iraq military officials hussein baghdad al shiite army soldiers killed forces troops sunni maliki iraqis people war americans violence security afghanistan somalia police members attack saddam execution official attacks prime sectarian country men taliban minister pakistan,,4.1111111111111107,4.2222222222222223,4.1111111111111107,0.08,0,0.08,20,40,0
25,0,"american iraqi iraq hussein baghdad shiite killed forces sunni maliki iraqis people war attack government[government, officials]",The articles are about terrorism.,4,4,4,0.06,-0.020000000000000004,0.075,17,38,13,1,1,2,1,4,4,143,PHY1C15L
25,1,iraq iraqi military war troops army american government officials hussein baghdad shiite soldiers killed forces,US Army and war in iraq,4,4,4,0.11,0.03,0.14666666666666667,15,38,13,0,5,2,0,0,6,107,UVT61M1A
25,2,"Iraq[iraqi, iraqis, iraq] american military[army, military, forces, troops, soldiers] government officials hussein baghdad shiite killed sunni people war",The theme is the military conflict between the American and Iraqi governments.,5,5,5,0.07,-0.009999999999999995,0.07777777777777779,20,31,15,0,2,9,2,0,2,214,JYY8DO5Y
25,3,american death iraqi government iraq military officials hussein baghdad shiite army soldiers killed troops sunni maliki iraqis war casualty militia,Soldiers that have died in Iraq and other attacks in the region,4,3,3,0.05,-0.03,0.05,20,32,15,3,3,8,0,0,1,73,L9LAKEAH
25,4,"american military government iraqi officials army soldiers killed forces troops iraqis dead group[sunni, maliki, shiite, hussein]",It is about america going to war in the middle east,5,5,5,0.04,-0.04,0.047058823529411764,17,40,10,1,3,0,1,3,2,129,THCZJP5X
25,5,"american government officials hussein baghdad al shiite killed sunni maliki people war people in iraq[iraqis, iraqi, iraq] fighters[military, soldiers, army, forces, troops]",soldiers dying in Iraq,4,4,4,0.05,-0.03,0.045454545454545456,24,40,2,0,0,0,2,0,0,171,1TW8NN21
25,6,"dead iraqi government military hussein army soldiers killed forces troops iraqis people war Islam branch[al, shiite, maliki, sunni]",They are about military attacks and casualties.,5,5,5,0.02,-0.06,0.021052631578947368,19,38,9,1,1,2,1,3,1,256,DUGV417A
25,7,"killed american government iraq military officials hussein shiite army soldiers forces iraqis people war war groups[sunni, troops] amputation","middle east, war, soilders",4,3,4,0.02,-0.06,0.022222222222222223,19,39,9,1,2,1,1,2,2,168,X8SMP913
25,8,american iraqi government iraq military officials hussein baghdad shiite army soldiers killed forces troops sunni war,Iraq war and the iraqi terrorists,4,4,4,0.1,0.020000000000000004,0.125,16,40,4,0,4,0,0,0,0,108,N14RSUIB
26,original,women children church child mother father marriage abortion parents king york sex baby family gay married daughter men pastor woman south husband mrs st shawn west girls boys manhattan son god catholic club heart play born group churches rev,,2.5555555555555554,2.5555555555555554,2.6666666666666665,0.11,0,0.11,20,40,0
26,0,"women children church child mother father marriage abortion parents sex baby family gay married daughter men woman names city[new, york]",Life in general,4,4,4,0.03,-0.08,0.028571428571428567,21,38,7,2,2,2,1,0,0,62,SNAB9B4T
26,1,tournament bridge card game winner deal diagramed deal prizes Poker,The themes are all over the place,5,4,4,0.07,-0.039999999999999994,0.15555555555555559,10,12,56,8,20,28,0,0,0,380,B8W6KR68
26,2,marriage married wedding Bride  Groom Bridegroom daughter father couple ceremony mother church pastor parents family,"This theme looks to be about marriage, life and families.",5,4,5,0.12,0.009999999999999995,0.15999999999999998,15,30,77,23,12,10,0,16,16,655,QAMW4L9I
26,3,"family women men children parents mother father baby child daughter son legal partnerships[marriage, married, gay]",people and relationships,4,4,4,0.09,-0.020000000000000004,0.11249999999999999,16,24,43,3,7,20,1,2,10,1010,YV5HNNU4
26,4,"women children child Church[church, pastor] Marriages[Marriages, daughter[mother, father, parents, family, marriage, married],mother, father, parents, family, marriage, married]",They seem mostly about marriages.,4,4,4,0.13,0.020000000000000004,0.2,21,40,12,0,8,0,3,0,1,274,OHVVSQRB
26,5,marriage women family children church child mother father abortion parents king york sex baby gay married daughter men pastor woman,A list of names and family related subjects,3,4,3,0.08,-0.03,0.08,20,38,5,1,0,2,0,0,2,124,EKU02HLJ
26,6,"marriage married family women church children king york sex men pastor woman parents[mother, father, parents] Lifestyle Love",Marriage announcements and newspaper articles.,4,4,4,0.05,-0.06,0.05882352941176471,18,35,16,2,2,5,2,0,5,164,1W4XOSZH
26,7,"church marriage parents king york sex gay married pastor woman wedding family[men, women, child, daughter]",weddings and family,3,3,4,0.08,-0.03,0.1,16,38,7,1,2,2,2,0,0,130,SYV4OTLW
26,8,"Cards[spades, clubs, diamonds, hearts, no-trump, trump, king] Marriages[church, marriage, married] mother father parents york sex baby family gay daughter men pastor woman",Seems like local news and editorials.,2,2,4,0.02,-0.09,0.016666666666666666,25,40,67,17,26,7,7,2,8,1241,CT213KI2
27,original,health drug research medical patients study disease people cancer drugs care researchers food hospital brain doctors test risk percent found scientists heart human studies science medicine treatment university weight tests blood products patient testing skin women children diet smoking,,4.1111111111111107,3.7777777777777777,3.7777777777777777,0.16,0,0.16,20,40,0
27,0,"study medical health care patients people disease cancer hospital doctors test found medicine [drugs, drug] preventive ",Preventing disease and staying healthy ,4,4,4,0.17,0.010000000000000009,0.21250000000000002,16,36,16,1,4,4,1,2,4,155,9S0WB9E7
27,1,health drug study disease patients researchers people risk medical cancer test research percent found diet,It is about current treatments for and research of diseases.,4,4,4,0.14,-0.01999999999999999,0.18666666666666668,15,34,26,2,7,6,0,0,11,246,SHHV2EIX
27,2,"health research[medical, study] researchers drug patients disease people cancer drugs care food hospital brain doctors test risk",Oral Medications and Vitamins and there impact on health.,4,4,4,0.14,-0.01999999999999999,0.15555555555555559,18,33,15,0,3,9,1,0,2,168,DZP6GUAO
27,3,health medical drug patients risk people research study cancer disease drugs care researchers doctors test percent found,general health and medical news,4,4,4,0.15,-0.010000000000000009,0.17647058823529413,17,40,9,0,3,0,0,0,6,240,92K0RMCX
27,4,health medical study drug research patients disease cancer drugs researchers food hospital brain doctors risk,These articles are related to the health and medicine industry.,5,5,5,0.18,0.01999999999999999,0.24,15,40,9,0,7,0,0,0,2,215,K2Y0DD7M
27,5,"health research[research, researchers, study, risk] drug medical disease people patients drugs cancer food care brain doctors test hospital found","The healthcare industry and its various subgroups, such as people and their healthcare providers.",5,4,5,0.13,-0.03,0.1368421052631579,20,40,12,0,3,0,2,0,7,275,WZD61DJI
27,6,health drug research medical patients study disease people cancer drugs care researchers food hospital brain doctors test risk percent found,How to improve health,4,4,4,0.13,-0.03,0.13,20,32,13,0,1,12,0,0,0,167,TKD9XO2E
27,7,health drug research medical patients study disease people cancer drugs researchers risk,This theme concerns health-related research. ,4,4,4,0.16,0.0,0.26666666666666666,12,40,8,0,8,0,0,0,0,58,J6BMHIN8
27,8,health drug research researchers hospital medical patients doctors study disease cancer drugs care food brain test risk patient medication,health and life style articles.,4,4,4,0.2,0.04000000000000001,0.21052631578947367,19,38,10,2,3,2,0,0,3,126,0OW54C8Y
28,original,black design store white blue made fashion red high green light designer hair line glass stores women small space club style wall set clothing company floor shop color beauty buy back business dark bar metal opened table shopping pair,,2.7777777777777777,3.0,3.3333333333333335,0.11,0,0.11,20,40,0
28,0,black design store made red light designer line glass stores small space interior,Home Interior Design,4,4,4,0.08,-0.03,0.12307692307692308,13,21,30,1,8,21,0,0,0,327,OUF0TYWB
28,1,design fashion style store designer line stores hair coat glass furnishings interior home,News about fashion and home design products.,5,5,5,0.12,0.009999999999999995,0.18461538461538463,13,40,42,14,16,0,0,7,5,653,6FZ6SUI3
28,2,women design designer store stores high fashion line black white blue red green,The theme words seem to be about colors of fashion.,4,4,4,0.09,-0.020000000000000004,0.13846153846153847,13,27,35,0,0,15,0,7,13,143,L7TSKSFA
28,3,"store stores sales fashion women small designer design genre [green, red, blue, black, white]",store designer fashion,5,5,5,0.06,-0.05,0.08571428571428572,14,26,51,5,5,14,1,14,12,591,KV3J4I3O
28,4,"fashion hair color[black, white, blue, red, green] shopping[store, stores, designer] design [design, glass, space]",Design and fashion.,4,4,5,0.09,-0.020000000000000004,0.12,16,39,15,0,7,5,3,0,0,256,4VWEPI53
28,5,design fashion store designer women stores white blue black made red high green light hair line glass small space grooming club,"The articles consist of fashion trends, design aesthetics, and hair colors.",4,4,4,0.04,-0.07,0.03809523809523809,21,37,15,1,0,5,0,0,9,160,P4SSXSY8
28,6,fashion shopping money store stores design designer hair women,"Some of the articles are about shopping, and a few are about fashion.",4,4,5,0.09,-0.020000000000000004,0.2,9,40,24,3,14,0,0,0,7,102,6OLOM86L
28,7,"design store made fashion high shopping light designer hair line glass women small space Colors[black, white, blue, red, green]",Fashion and design are important in shopping.,4,4,4,0.06,-0.05,0.06,20,40,5,1,2,0,1,0,1,111,RNV3C50J
28,8,"design store fashion high light designer hair line glass stores women Colors[black, white, blue, green, red]",These news articles look like they are about home/interior design.,4,4,4,0.11,0.0,0.12941176470588237,17,38,8,0,4,2,1,0,1,128,3Q4HD829
29,original,china united government world states country minister political countries international israeli chinese israel european palestinian russia president foreign nations party europe prime state american arab trade india power peace lebanon officials leaders union group hong africa kong hamas france,,3.3333333333333335,3.6666666666666665,3.8888888888888888,0.05,0,0.05,20,40,0
29,0,"international world politics foreign nations[foreign, nations] government europe middle east asia china israel russia united states[united, states] palestine",This theme is about international politics and world events.,5,5,5,0.04,-0.010000000000000002,0.05,20,37,31,5,10,3,2,0,11,205,HJ8RF4SW
29,1,"china government israeli chinese israel european palestinian russia party nations politicians[minister, president]",They are about world events.,4,4,4,0.05,0.0,0.07692307692307693,13,40,16,0,10,0,3,3,0,743,ZR8CW6PP
29,2,"international political united nations[united, nations] foreign relations country china government world states minister countries israeli chinese israel european palestinian russia America","International Relations, events, and other international subjects.",5,5,5,0.06,0.009999999999999995,0.06,22,40,11,2,2,0,1,0,6,161,GRMIOJ3I
29,3,"minister political united government world states international israeli chinese israel european palestinian president foreign nations briefing countries[china, russia]",Foriegn news and policies,5,5,5,0.05,0.0,0.05263157894736842,19,39,12,3,3,1,2,0,3,357,L17ON3TB
29,4,"united government minister political international russia president nations party Operation Interaction Places [china, world, israel, european, israeli, chinese, palestinian, foreign, countries, country]",Governmental issues and its organization ,3,3,3,0.04,-0.010000000000000002,0.03636363636363636,22,37,8,2,1,3,1,1,0,179,0SLFE3IH
29,5,international nations world china european government russia minister countries chinese president foreign africa,These articles are about international affairs.,3,4,3,0.05,0.0,0.07692307692307693,13,40,15,1,5,0,0,3,6,137,05LH193D
29,6,"politics[politics, political] international world government foreign economy[economic, economy] china middle east chinese european eastern europe russia president party leaders negotiation prime minister[prime minister, minister] relations war united states[united, states] nation[country, nations[country, countries],country, countries] israel[israeli, israel] palestine[palestinian, palestine]",World/international politics,5,5,5,0.04,-0.010000000000000002,0.023529411764705882,46,40,31,11,0,0,10,0,10,370,FMVFRPWV
29,7,"countries[china, israeli, chinese, israel, european, palestinian, russia, united states] government minister political international president foreign nations party",These articles are about conflicts between countries and cultures.,5,5,5,0.06,0.009999999999999995,0.06666666666666667,18,40,11,1,6,2,1,0,1,186,E6NQ46WD
29,8,"international political government china united world minister israeli chinese israel european palestinian russia president foreign party Nations[nations, states, country, countries]",international political activity,5,5,5,0.07,0.020000000000000004,0.07,21,40,11,0,0,0,3,0,8,177,MBTT8UM5
30,original,jewish israel jews anti war carter church earth years secret history world holocaust foxman university century soviet space god communist rome poland castro german ii book christian fugees jerusalem past science polish religious mufleh jesus pope kollek ancient ireland,,2.3333333333333335,2.4444444444444446,3.1111111111111112,0.03,0,0.03,20,40,0
30,0,police Poland war church secret history world century soviet god communist,The articles are about Poland and anti-semitism during the cold war.,4,4,4,0.03,0.0,0.05454545454545454,11,8,47,2,11,32,0,0,2,230,YQBTVRYR
30,1,space earth years history world university,religion and communism and space and science and racism and also dancing with the stars for some reason.,4,4,4,0.01,-0.019999999999999997,0.03333333333333333,6,8,53,0,14,38,0,0,1,224,GNZ5T0UE
30,2,"god church jews jewish years holocaust israel soviet world history[world, history] anti communist[anti, communist] secret war[secret, war]",These articles deal with religion.,3,4,4,0.05,0.020000000000000004,0.07142857142857144,20,28,28,0,4,12,3,2,7,244,911B0Q0C
30,3,"church history war israel holocaust soviet god communist Judiaism[jewish, jews]",These articles seem to be about people of Jewish faith as well as the cold war era.,4,5,4,0.05,0.020000000000000004,0.09090909090909091,11,26,28,0,10,14,1,0,3,214,C9A3ZNG5
30,4,jewish jews israel history war holocaust soviet anti church god communist,This theme is about conflicts throughout the history of the Jewish religion.,5,4,5,0.07,0.04000000000000001,0.1272727272727273,11,26,43,0,9,26,0,1,7,224,JW00TQV4
30,5,space earth god world church years secret history century war communist holocaust jewish jews foxman,"The articles talk about space, the church and historical events.",4,3,2,0.03,0.0,0.039999999999999994,15,32,30,0,5,12,3,0,10,429,OYRSMH35
30,6,jewish israel jews anti war carter church earth years secret history world holocaust century soviet god communist,Religious information and articles,4,4,4,0.01,-0.019999999999999997,0.011764705882352941,17,36,13,0,3,9,0,1,0,282,KL7BG5QY
30,7,"jewish war israel jews carter church university soviet space god communist history[history, world, earth, years, holocaust]",Religion and war. ,5,5,4,0.0,-0.03,0.0,17,39,7,0,4,1,1,0,1,95,SZUZJ6F0
30,8,"Religion[church, jewish, jews, god] israel carter earth secret history world holocaust foxman century soviet communist",I think they are about Jewish history after the Holocaust.,4,4,4,0.05,0.020000000000000004,0.0625,16,34,18,2,5,6,1,2,2,264,VVAF6X5G
